"baseMean"	"log2FoldChange"	"lfcSE"	"padj"	"Phylum"	"Class"	"Order"	"Family"	"Genus"
12.6773120417549	10.7415856838333	2.92132171714134	1.36461238807039e-21	"Desulfobacterota"	"Desulfobacteria"	"Desulfobacterales"	"Desulfosarcinaceae"	""
18.164240485707	11.3090884989171	2.99643549416562	2.37502181545115e-21	"Spirochaetota"	"Leptospirae"	"Leptospirales"	"Leptospiraceae"	"RBG-16-49-21"
26.1740500711609	6.50515609776902	0.887407541988838	1.52050592532694e-13	"Desulfobacterota"	"Desulfovibrionia"	"Desulfovibrionales"	"Desulfovibrionaceae"	"Desulfovibrio"
75.5916366382975	3.43411083063725	0.48798097309991	6.9564188521753e-12	"Proteobacteria"	"Alphaproteobacteria"	""	""	""
16.2156323934617	-8.75255092505271	1.24959180923587	7.09108976109309e-12	"Cyanobacteria"	"Cyanobacteriia"	"Oxyphotobacteria_Incertae_Sedis"	"Unknown_Family"	""
19.0022914055342	11.2383046384879	3.12380382830009	1.27627851066907e-11	"Firmicutes"	"Bacilli"	"Bacillales"	"Planococcaceae"	"Chryseomicrobium"
224.420224664983	-2.02034043597607	0.290462063717499	3.56174577714835e-11	"Proteobacteria"	"Alphaproteobacteria"	"Caulobacterales"	"Hyphomonadaceae"	""
12.0543615376046	-5.9320987664562	0.877412373446954	3.36517350417065e-10	"Bacteroidota"	"Bacteroidia"	"Cytophagales"	"Microscillaceae"	"uncultured"
6.55155354800625	9.51024281729937	2.91522751388988	3.12700898553582e-09	"Desulfobacterota"	"Desulfobacteria"	"Desulfobacterales"	"Desulfosarcinaceae"	"SEEP-SRB1"
31.9901990135501	6.80943361030981	1.18166162717159	3.27619282556552e-09	"Proteobacteria"	"Alphaproteobacteria"	"Rhodobacterales"	"Rhodobacteraceae"	"uncultured"
97.4471696285572	2.14350397526896	0.351973468442607	3.27619282556552e-09	"Cyanobacteria"	"Cyanobacteriia"	"Eurycoccales"	""	""
121.372368292295	-2.75664469617633	0.443449814056309	4.85430010037411e-09	"Chloroflexi"	"Anaerolineae"	"SBR1031"	"A4b"	"A4b"
29.7943650815512	-13.5197016456724	3.6062017052349	7.61485211499468e-09	"Proteobacteria"	"Alphaproteobacteria"	"Rhizobiales"	"Rhodomicrobiaceae"	"Rhodomicrobium"
11.9135521963495	3.69155340367095	0.649613825930611	4.26017947632171e-08	"Spirochaetota"	"Spirochaetia"	"Spirochaetales"	"Spirochaetaceae"	"uncultured"
78.0382862411459	-4.41947530450099	0.76785788452037	9.55958350986052e-08	"Cyanobacteria"	"Cyanobacteriia"	"Oxyphotobacteria_Incertae_Sedis"	"Unknown_Family"	"uncultured"
393.155562432978	1.6805148268616	0.307729302773179	1.15528158299782e-07	"Cyanobacteria"	"Cyanobacteriia"	"Eurycoccales"	""	""
23.9815553001604	6.28512802666372	1.24186923115892	1.21263972942742e-07	"Proteobacteria"	"Alphaproteobacteria"	"Tistrellales"	"Geminicoccaceae"	"uncultured"
7.17635020357306	9.58559278534667	2.99925772109531	1.55279649033329e-07	"Desulfobacterota"	"Syntrophobacteria"	"Syntrophobacterales"	"Syntrophobacteraceae"	"Syntrophobacter"
250.153238772662	3.19771033528758	0.60939964813565	2.03995707007944e-07	"Cyanobacteria"	"Cyanobacteriia"	"Cyanobacteriales"	"Nostocaceae"	"Rivularia_PCC-7116"
595.910451137148	2.29924042785902	0.444215758734269	3.98606944189209e-07	"Proteobacteria"	"Alphaproteobacteria"	"Tistrellales"	"Geminicoccaceae"	"Candidatus_Alysiosphaera"
5.54794329905084	4.48666991191797	0.956016679302208	4.62680570305057e-07	"Bacteroidota"	"SJA-28"	"SJA-28"	"SJA-28"	"SJA-28"
45.5339143795725	-3.06122933038894	0.581682078155444	8.75375472659557e-07	"Myxococcota"	"Polyangia"	"Polyangiales"	"Phaselicystidaceae"	"Phaselicystis"
19.2199479069969	3.72743159855923	0.780811708332639	1.93474635982741e-06	"Cyanobacteria"	"Cyanobacteriia"	"Cyanobacteriales"	"Microcystaceae"	"Chalicogloea_CCALA_975"
18.9877088406016	4.56077999169849	0.966494828728463	2.37716125333921e-06	"Planctomycetota"	"Planctomycetes"	"uncultured"	"uncultured"	"uncultured"
549.500570756184	1.65900887085424	0.348621796007176	3.01922206011119e-06	"Cyanobacteria"	"Cyanobacteriia"	"Phormidesmiales"	"Phormidesmiaceae"	"Phormidium_MBIC10003"
6.03903190674495	9.23253350086109	3.01206915446927	3.03616092734521e-06	"Proteobacteria"	"Alphaproteobacteria"	"Rickettsiales"	"Rickettsiaceae"	""
13.8759109227667	10.5011448978259	3.26822506758977	3.03616092734521e-06	"Planctomycetota"	"Planctomycetes"	"Gemmatales"	"Gemmataceae"	"uncultured"
7.6317032229203	9.58970627515722	3.09104515265016	3.72064312336972e-06	"Proteobacteria"	"Gammaproteobacteria"	"Xanthomonadales"	"Xanthomonadaceae"	"Luteimonas"
271.333891780596	-2.48368968543376	0.521255593959926	7.73756932073436e-06	"Chloroflexi"	"Anaerolineae"	"SBR1031"	"A4b"	"A4b"
68.445080674586	-1.87811820336267	0.398954947092228	8.55047666459349e-06	"Cyanobacteria"	"Cyanobacteriia"	"Eurycoccales"	"Leptococcaceae"	"Leptococcus_JA-3-3Ab"
17.7826147495811	10.8164716145266	3.39491759839713	1.00410002357038e-05	"Proteobacteria"	"Gammaproteobacteria"	"Cellvibrionales"	"Cellvibrionaceae"	"Cellvibrio"
71.0415153594389	2.68530990344177	0.631753037977887	1.86653864813217e-05	"Chloroflexi"	"Anaerolineae"	"SBR1031"	"SBR1031"	"SBR1031"
13.6373808102142	4.35418141474758	1.02705180061107	2.12541132791226e-05	"Proteobacteria"	"Gammaproteobacteria"	"Oceanospirillales"	"Halomonadaceae"	"Halomonas"
13.6077272654414	10.378116878366	3.3411731098998	2.12541132791226e-05	"Proteobacteria"	"Gammaproteobacteria"	"Diplorickettsiales"	"Diplorickettsiaceae"	"Aquicella"
19.9706068687453	2.38058742123543	0.571289230497659	3.01876416535047e-05	"Chloroflexi"	"Anaerolineae"	"SBR1031"	"SBR1031"	"SBR1031"
56.281213765883	-1.66288708206395	0.381550061138967	3.25952474261473e-05	"Chloroflexi"	"Anaerolineae"	"SBR1031"	"SBR1031"	"SBR1031"
1148.42539127983	-1.83794182414353	0.422320815546793	3.40642020295308e-05	"Proteobacteria"	"Alphaproteobacteria"	"Azospirillales"	"Azospirillaceae"	""
3.78926103739615	8.43809962293468	2.93657851884285	3.41780858130628e-05	"Chloroflexi"	"Anaerolineae"	"SBR1031"	"SBR1031"	"SBR1031"
6.24806211560214	9.18086499071973	3.10495293794053	3.46138115597698e-05	"Proteobacteria"	"Alphaproteobacteria"	"Sphingomonadales"	"Sphingomonadaceae"	"Altererythrobacter"
6.46538964569149	4.98616951361491	1.19561026645673	3.58043362978232e-05	"Myxococcota"	"Myxococcia"	"Myxococcales"	"Myxococcaceae"	"P3OB-42"
211.446880805666	-1.65257732427798	0.383243046469994	3.65638235388408e-05	"Firmicutes"	"Clostridia"	"Oscillospirales"	"Ruminococcaceae"	"Incertae_Sedis"
562.928987009101	-1.74604668134728	0.405881758380788	3.79357791257647e-05	"Bacteroidota"	"Bacteroidia"	"Cytophagales"	"Microscillaceae"	""
378.50836000984	-1.99220695587277	0.473753919508743	5.87544899754686e-05	"Chloroflexi"	"Chloroflexia"	"Chloroflexales"	"Chloroflexaceae"	"Candidatus_Chlorothrix"
45.3493197170525	1.16226400888443	0.29687532577023	8.61265082599138e-05	"Cyanobacteria"	"Cyanobacteriia"	"Eurycoccales"	"Eurycoccales_Incertae_Sedis"	"Candidatus_Gloeomargarita"
27.2467807744776	-2.877674728261	0.694131001646301	8.92121096147813e-05	"Chloroflexi"	"Anaerolineae"	"SBR1031"	"A4b"	"A4b"
30.8868071067841	1.97430052440315	0.518630884696794	0.000102821019696965	"Proteobacteria"	"Alphaproteobacteria"	"Defluviicoccales"	"Defluviicoccaceae"	"Defluviicoccus"
70.8030937240657	-3.92583213079832	0.95450872587357	0.000115577523422245	"Myxococcota"	"Polyangia"	"Nannocystales"	"Nannocystaceae"	"Nannocystis"
11.7718626188994	3.47907175429254	0.958094166160451	0.000129433883626675	"Verrucomicrobiota"	"Verrucomicrobiae"	"Chthoniobacterales"	"Chthoniobacteraceae"	"Chthoniobacter"
506.381809251539	2.31587267128758	0.629306942356578	0.000133064223620447	"Cyanobacteria"	"Cyanobacteriia"	"Oxyphotobacteria_Incertae_Sedis"	"Unknown_Family"	"Leptolyngbya_VRUC_135"
23.5313445284906	-1.60332490487999	0.406955861037421	0.000138112049057164	"Verrucomicrobiota"	"Verrucomicrobiae"	"Verrucomicrobiales"	"Verrucomicrobiaceae"	"uncultured"
4.92397717828106	-10.4907850950014	3.32015033527228	0.000139205890302748	"Actinobacteriota"	"Actinobacteria"	"Micromonosporales"	"Micromonosporaceae"	""
74.903604873088	-1.49962053816023	0.395008682267795	0.000223437542014439	"Chloroflexi"	"Anaerolineae"	"SBR1031"	"A4b"	"A4b"
68.9020296467038	-1.33684552987793	0.369502031826843	0.000394193553541483	"Sumerlaeota"	"Sumerlaeia"	"Sumerlaeales"	"Sumerlaeaceae"	"Sumerlaea"
35.5950721972437	-2.81074308326848	0.760809861306047	0.000410897261491124	"Proteobacteria"	"Alphaproteobacteria"	"Caulobacterales"	"Parvularculaceae"	"Amphiplicatus"
11.3636101829528	-2.44171146475673	0.685214724290218	0.000607000874732768	"Planctomycetota"	"Phycisphaerae"	"mle1-8"	"mle1-8"	"mle1-8"
5.96754289432704	3.39730364795178	1.17151331323096	0.000631548174388736	"Armatimonadota"	"uncultured"	"uncultured"	"uncultured"	"uncultured"
74.1407915207321	-3.05194554111684	0.880949075966409	0.00091135463783985	"Cyanobacteria"	"Cyanobacteriia"	"Oxyphotobacteria_Incertae_Sedis"	"Unknown_Family"	"uncultured"
35.2935221475872	1.43013718830915	0.467707633343226	0.00111076694322396	"Planctomycetota"	"Planctomycetes"	"Gemmatales"	"Gemmataceae"	"uncultured"
637.49053394958	-1.23320049131448	0.375666753407356	0.00113109015303748	"Cyanobacteria"	"Cyanobacteriia"	"Cyanobacteriales"	"Nostocaceae"	"Rivularia_PCC-7116"
120.931071768353	1.14833435599576	0.375317252772558	0.00118506624865608	"Cyanobacteria"	"Cyanobacteriia"	"Chloroplast"	"Chloroplast"	"Chloroplast"
16.3305897090783	-2.33607640869553	0.707110973543205	0.00131165238408523	"Proteobacteria"	"Alphaproteobacteria"	"Caulobacterales"	"Hyphomonadaceae"	"SWB02"
67.8059158354405	-1.30916788542534	0.412615499198822	0.00154516001464262	"Proteobacteria"	"Alphaproteobacteria"	"Rhizobiales"	"Rhodomicrobiaceae"	"Rhodomicrobium"
56.8310017232086	2.41542807365631	0.868708759748643	0.00159901357279868	"Verrucomicrobiota"	"Verrucomicrobiae"	"Chthoniobacterales"	"Chthoniobacteraceae"	""
244.814304109412	1.00334290652867	0.353494569390094	0.00209059364140236	"Cyanobacteria"	"Cyanobacteriia"	"Chloroplast"	"Chloroplast"	"Chloroplast"
61.3243716609592	-1.30181415922312	0.427014907410177	0.00217062130666749	"Chloroflexi"	"Anaerolineae"	"SBR1031"	"SBR1031"	"SBR1031"
933.663953636921	-1.16422528808676	0.390013868334208	0.00252853349102233	"Bacteroidota"	"Bacteroidia"	"Cytophagales"	"Microscillaceae"	""
7.18830905696215	3.57186423176257	1.43458596768469	0.00252853349102233	"Planctomycetota"	"Phycisphaerae"	"mle1-8"	"mle1-8"	"mle1-8"
73.8665094377401	-1.45466038170267	0.490640566801766	0.00276555175407404	"Myxococcota"	"Polyangia"	"Polyangiales"	"Polyangiaceae"	"Pajaroellobacter"
20.1315592478752	2.75461658901656	1.12865798027229	0.0029282623815037	"Bacteroidota"	"Rhodothermia"	"Rhodothermales"	"Rhodothermaceae"	"uncultured"
25.6455352447835	1.78813904173962	0.687807035038379	0.0029282623815037	"Cyanobacteria"	"Cyanobacteriia"	"Cyanobacteriales"	"Microcystaceae"	"Chalicogloea_CCALA_975"
47.7910980507724	-1.620312566919	0.557495137872059	0.00331389266783743	"Bdellovibrionota"	"Bdellovibrionia"	"Bdellovibrionales"	"Bdellovibrionaceae"	"OM27_clade"
68.340230321164	0.908030046445633	0.344065181168513	0.00338303316679775	"Planctomycetota"	"Planctomycetes"	"Gemmatales"	"Gemmataceae"	"uncultured"
7.66756611937201	2.54137691332451	1.06821810875542	0.00430111961112214	"Verrucomicrobiota"	"Verrucomicrobiae"	"Pedosphaerales"	"Pedosphaeraceae"	"Pedosphaeraceae"
82.0400688775618	1.5159093805218	0.628731649563544	0.00441930715061282	"Myxococcota"	"Polyangia"	"Polyangiales"	"Sandaracinaceae"	"uncultured"
78.3094119354644	-0.949499813810304	0.352983229444048	0.00461589405410153	"Proteobacteria"	"Gammaproteobacteria"	"PLTA13"	"PLTA13"	"PLTA13"
18.3381191645114	-2.34320428157507	0.849685641018711	0.00516018962554865	"Chloroflexi"	"Anaerolineae"	"SBR1031"	"A4b"	"A4b"
220.314228379258	1.01223376705343	0.43665076782056	0.00625385030876031	"Proteobacteria"	"Alphaproteobacteria"	"uncultured"	"uncultured"	"uncultured"
9.01569366741655	2.47426853201973	1.20195305103385	0.00668396031449465	"Desulfobacterota"	"Desulfobacteria"	"Desulfobacterales"	"Desulfosarcinaceae"	"Sva0081_sediment_group"
24.6942061225552	-1.54005415485157	0.596081998413169	0.00674747850877565	"Chloroflexi"	"Anaerolineae"	"SBR1031"	"A4b"	"A4b"
54.4228152259558	1.68781346362844	0.803511550563806	0.00707780086892264	"Planctomycetota"	"Planctomycetes"	"Gemmatales"	"Gemmataceae"	"uncultured"
79.2872464588451	1.19755941599874	0.560586705247723	0.00777740966640252	"Planctomycetota"	"Planctomycetes"	"Gemmatales"	"Gemmataceae"	"uncultured"
23.2355696738631	1.35120500017316	0.644996836638751	0.00816679002788379	"Spirochaetota"	"Leptospirae"	"Leptospirales"	"Leptospiraceae"	"RBG-16-49-21"
8.62760668088943	-2.76612669605679	1.09932027759994	0.0092519867382249	"Proteobacteria"	"Alphaproteobacteria"	""	""	""
281.687856974591	-1.07871748035481	0.456294263012987	0.00947853261649916	"Chloroflexi"	"Anaerolineae"	"SBR1031"	"A4b"	"A4b"
