Group 1,Group 2,Sample size,Permutations,pseudo-F,p-value,q-value
China,Colombia,76,999,20.15747680333175,0.001,0.001
China,Mexico,121,999,49.00675248136567,0.001,0.001
China,Pakistan,83,999,10.008662452676363,0.001,0.001
China,Singapore_Malaysia,189,999,55.147481216584,0.001,0.001
China,US,92,999,30.38828585524744,0.001,0.001
China,Vietnam,92,999,46.8997987560739,0.001,0.001
Colombia,Mexico,63,999,59.20662581697136,0.001,0.001
Colombia,Pakistan,25,999,53.58236014671574,0.001,0.001
Colombia,Singapore_Malaysia,131,999,22.645494400687436,0.001,0.001
Colombia,US,34,999,16.71356102193682,0.001,0.001
Colombia,Vietnam,34,999,30.1493300213373,0.001,0.001
Mexico,Pakistan,70,999,72.08353781860849,0.001,0.001
Mexico,Singapore_Malaysia,176,999,47.607801948901326,0.001,0.001
Mexico,US,79,999,55.166815331023514,0.001,0.001
Mexico,Vietnam,79,999,97.14373718742931,0.001,0.001
Pakistan,Singapore_Malaysia,138,999,36.060068933718995,0.001,0.001
Pakistan,US,41,999,32.56334605744149,0.001,0.001
Pakistan,Vietnam,41,999,87.39895542378063,0.001,0.001
Singapore_Malaysia,US,147,999,21.192122958688508,0.001,0.001
Singapore_Malaysia,Vietnam,147,999,52.3621866253928,0.001,0.001
US,Vietnam,50,999,37.39515006738059,0.001,0.001
