"baseMean"	"log2FoldChange"	"lfcSE"	"padj"	"Phylum"	"Class"	"Order"	"Family"	"Genus"
250.146726534003	-4.51691572784051	0.618250110495979	1.2728412119669e-11	"Chloroflexi"	"Chloroflexia"	"Chloroflexales"	"Chloroflexaceae"	"Candidatus_Chlorothrix"
384.648190925517	-3.3490870739756	0.459507551306453	1.2728412119669e-11	"Bacteroidota"	"Bacteroidia"	"Cytophagales"	"Microscillaceae"	""
578.670913787058	-2.92884656137301	0.424363543026094	1.30496191842783e-10	"Bacteroidota"	"Bacteroidia"	"Cytophagales"	"Microscillaceae"	""
91.58915364834	-2.69793128494338	0.464473825217994	1.2339944016302e-07	"Cyanobacteria"	"Cyanobacteriia"	"Chloroplast"	"Chloroplast"	"Chloroplast"
168.135885614448	-2.11288256644865	0.374579831752985	2.57831743486538e-07	"Proteobacteria"	"Gammaproteobacteria"	"Burkholderiales"	"Rhodocyclaceae"	""
13.7847158304712	6.32372956218295	1.18033383597122	3.61650654095795e-07	"Myxococcota"	"Myxococcia"	"Myxococcales"	"Myxococcaceae"	"P3OB-42"
17.6408871398531	6.08709035916421	1.24488828050553	1.18200215077373e-06	"Proteobacteria"	"Alphaproteobacteria"	"Rhodobacterales"	"Rhodobacteraceae"	"uncultured"
1055.87970637612	-1.99129875067255	0.387455022500291	2.6669317011358e-06	"Cyanobacteria"	"Cyanobacteriia"	"Cyanobacteriales"	""	""
920.637330773773	-2.34244642914203	0.460131096952586	3.44484229686869e-06	"Proteobacteria"	"Alphaproteobacteria"	"Azospirillales"	"Azospirillaceae"	""
489.57618618694	-1.71723524666985	0.350183090095441	6.66925202081926e-06	"Proteobacteria"	"Alphaproteobacteria"	"Rhizobiales"	"Hyphomicrobiaceae"	"Hyphomicrobium"
47.9615909278506	-3.19463172788666	0.674442953949959	1.91082568718394e-05	"Cyanobacteria"	"Cyanobacteriia"	"Eurycoccales"	"Leptococcaceae"	"Leptococcus_JA-3-3Ab"
52.0244837984934	-1.95946115243095	0.431066878290497	3.22324299121038e-05	"Sumerlaeota"	"Sumerlaeia"	"Sumerlaeales"	"Sumerlaeaceae"	"Sumerlaea"
25.8838948034964	-4.76962676641811	1.02992315123268	3.51908006424415e-05	"Proteobacteria"	"Gammaproteobacteria"	"Legionellales"	"Legionellaceae"	"Legionella"
133.370037802028	-2.144376108188	0.490628622151827	6.37998190426198e-05	"Myxococcota"	"Polyangia"	"Polyangiales"	"Polyangiaceae"	"uncultured"
76.3509969749384	-3.14140329143369	0.714099824799221	6.42735029936647e-05	"Chloroflexi"	"Anaerolineae"	"SBR1031"	"SBR1031"	"SBR1031"
198.475708340625	-2.61039423979397	0.632050618607873	0.000171421764448856	"Chloroflexi"	"Anaerolineae"	"SBR1031"	"A4b"	"A4b"
179.523498425735	-2.40387499266568	0.612370517439224	0.000309452894879266	"Proteobacteria"	"Alphaproteobacteria"	"Caulobacterales"	"Hyphomonadaceae"	""
355.723550873674	-1.4475239486199	0.374647881004968	0.000309452894879266	"Proteobacteria"	"Gammaproteobacteria"	"Nitrosococcales"	"Nitrosococcaceae"	""
99.7942475565233	-1.62233680615568	0.451985235749104	0.000853048640670115	"Proteobacteria"	"Alphaproteobacteria"	"Micropepsales"	"Micropepsaceae"	""
437.365521098322	-1.3205436741161	0.401168513972447	0.00204737729810097	"Verrucomicrobiota"	"Verrucomicrobiae"	"Chthoniobacterales"	"Chthoniobacteraceae"	"Chthoniobacter"
4.63631302584595	3.40002083374936	1.15111710846606	0.00218253278172026	"Spirochaetota"	"Leptospirae"	"Leptospirales"	"Leptospiraceae"	"Turneriella"
30.0642488215413	1.80752697465263	0.651667485223389	0.0035432489485135	"Proteobacteria"	"Alphaproteobacteria"	"Reyranellales"	"Reyranellaceae"	"uncultured"
566.163259630182	-1.70049142592031	0.551302313209198	0.00362585807919743	"Cyanobacteria"	"Cyanobacteriia"	"Cyanobacteriales"	""	""
60.3284122166269	-4.8209562298468	1.49876211788675	0.00370575058486698	"Myxococcota"	"Polyangia"	"Nannocystales"	"Nannocystaceae"	"Nannocystis"
19.0723005710105	-1.89548696320142	0.623376459110291	0.00403904261070625	"Verrucomicrobiota"	"Verrucomicrobiae"	"Verrucomicrobiales"	"Verrucomicrobiaceae"	"uncultured"
61.0357663609782	-1.68303031518019	0.596822843566765	0.00661024233700804	"Chloroflexi"	"Anaerolineae"	"SBR1031"	"A4b"	"A4b"
26.9700345482907	-2.4940723449973	0.876946162983402	0.00719284048318064	"Actinobacteriota"	"Acidimicrobiia"	"Microtrichales"	"Ilumatobacteraceae"	"uncultured"
4.57005127610528	-2.96291570910755	1.0422576517067	0.00773245518689613	"SAR324_clade(Marine_group_B)"	"SAR324_clade(Marine_group_B)"	"SAR324_clade(Marine_group_B)"	"SAR324_clade(Marine_group_B)"	"SAR324_clade(Marine_group_B)"
227.128086106577	-1.74460081995292	0.646297776184997	0.0090037488297778	"Chloroflexi"	"Chloroflexia"	"Chloroflexales"	"Chloroflexaceae"	"Candidatus_Chlorothrix"
9.43291782929346	-1.85942407630137	0.688605138189758	0.00921581874787989	"Verrucomicrobiota"	"Verrucomicrobiae"	""	""	""
